Template,mcp-typescript,cli,csharp,go,javav2,mockserver,php,postman,pythonv2,ruby,typescriptv2,unity,terraform
callbacks (Core),:heavy_minus_sign:,:white_check_mark:,:white_check_mark:,:white_check_mark:,:white_check_mark:,:heavy_minus_sign:,:white_check_mark:,:heavy_minus_sign:,:white_check_mark:,:white_check_mark:,:white_check_mark:,:white_check_mark:,:white_check_mark:
core (Core),:warning:,:warning:,:white_check_mark:,:white_check_mark:,:white_check_mark:,:warning:,:white_check_mark:,:white_check_mark:,:white_check_mark:,:white_check_mark:,:white_check_mark:,:white_check_mark:,:white_check_mark:
disallowCircularRefs (Core),:heavy_minus_sign:,:no_entry:,:heavy_minus_sign:,:heavy_minus_sign:,:heavy_minus_sign:,:no_entry:,:heavy_minus_sign:,:heavy_minus_sign:,:heavy_minus_sign:,:heavy_minus_sign:,:heavy_minus_sign:,:heavy_minus_sign:,:white_check_mark:
docs (Core),:white_check_mark:,:white_check_mark:,:white_check_mark:,:white_check_mark:,:white_check_mark:,:heavy_minus_sign:,:white_check_mark:,:white_check_mark:,:white_check_mark:,:white_check_mark:,:white_check_mark:,:white_check_mark:,:white_check_mark:
enums (Core),:white_check_mark:,:white_check_mark:,:white_check_mark:,:white_check_mark:,:white_check_mark:,:white_check_mark:,:white_check_mark:,:white_check_mark:,:white_check_mark:,:white_check_mark:,:white_check_mark:,:white_check_mark:,:white_check_mark:
examples (Core),:no_entry:,:white_check_mark:,:white_check_mark:,:white_check_mark:,:white_check_mark:,:heavy_minus_sign:,:white_check_mark:,:white_check_mark:,:white_check_mark:,:white_check_mark:,:white_check_mark:,:white_check_mark:,:white_check_mark:
getRequestBodies (Core),:heavy_minus_sign:,:white_check_mark:,:white_check_mark:,:white_check_mark:,:white_check_mark:,:white_check_mark:,:white_check_mark:,:white_check_mark:,:white_check_mark:,:white_check_mark:,:heavy_minus_sign:,:white_check_mark:,:white_check_mark:
globalSecurity (Core),:warning:,:white_check_mark:,:white_check_mark:,:white_check_mark:,:white_check_mark:,:heavy_minus_sign:,:white_check_mark:,:white_check_mark:,:white_check_mark:,:white_check_mark:,:white_check_mark:,:white_check_mark:,:white_check_mark:
globalServerURLs (Core),:warning:,:white_check_mark:,:white_check_mark:,:white_check_mark:,:white_check_mark:,:heavy_minus_sign:,:white_check_mark:,:white_check_mark:,:white_check_mark:,:white_check_mark:,:white_check_mark:,:white_check_mark:,:white_check_mark:
groups (Core),:no_entry:,:white_check_mark:,:white_check_mark:,:white_check_mark:,:white_check_mark:,:white_check_mark:,:white_check_mark:,:white_check_mark:,:white_check_mark:,:white_check_mark:,:white_check_mark:,:white_check_mark:,:white_check_mark:
ignores (Core),:white_check_mark:,:white_check_mark:,:white_check_mark:,:white_check_mark:,:white_check_mark:,:white_check_mark:,:white_check_mark:,:white_check_mark:,:white_check_mark:,:white_check_mark:,:white_check_mark:,:white_check_mark:,:white_check_mark:
includes (Core),:no_entry:,:white_check_mark:,:white_check_mark:,:white_check_mark:,:white_check_mark:,:white_check_mark:,:white_check_mark:,:white_check_mark:,:white_check_mark:,:white_check_mark:,:white_check_mark:,:white_check_mark:,:white_check_mark:
inputOutputModels (Core),:no_entry:,:white_check_mark:,:white_check_mark:,:white_check_mark:,:white_check_mark:,:white_check_mark:,:white_check_mark:,:heavy_minus_sign:,:white_check_mark:,:white_check_mark:,:white_check_mark:,:white_check_mark:,:white_check_mark:
nameOverrides (Core),:white_check_mark:,:white_check_mark:,:white_check_mark:,:white_check_mark:,:white_check_mark:,:white_check_mark:,:white_check_mark:,:white_check_mark:,:white_check_mark:,:white_check_mark:,:white_check_mark:,:white_check_mark:,:white_check_mark:
tagBasedOrdering (Core),:heavy_minus_sign:,:no_entry:,:heavy_minus_sign:,:heavy_minus_sign:,:heavy_minus_sign:,:no_entry:,:heavy_minus_sign:,:heavy_minus_sign:,:heavy_minus_sign:,:heavy_minus_sign:,:heavy_minus_sign:,:heavy_minus_sign:,:heavy_minus_sign:
typeOverrides (Core),:white_check_mark:,:white_check_mark:,:white_check_mark:,:white_check_mark:,:white_check_mark:,:white_check_mark:,:white_check_mark:,:white_check_mark:,:white_check_mark:,:white_check_mark:,:white_check_mark:,:white_check_mark:,:white_check_mark:
webhooks (Core),:heavy_minus_sign:,:white_check_mark:,:white_check_mark:,:white_check_mark:,:white_check_mark:,:white_check_mark:,:white_check_mark:,:heavy_minus_sign:,:white_check_mark:,:white_check_mark:,:white_check_mark:,:white_check_mark:,:white_check_mark:
constsAndDefaults (Beta),:white_check_mark:,:white_check_mark:,:white_check_mark:,:white_check_mark:,:white_check_mark:,:white_check_mark:,:white_check_mark:,:white_check_mark:,:white_check_mark:,:white_check_mark:,:white_check_mark:,:no_entry:,:white_check_mark:
errors (Beta),:no_entry:,:white_check_mark:,:white_check_mark:,:white_check_mark:,:white_check_mark:,:warning:,:warning:,:white_check_mark:,:white_check_mark:,:warning:,:white_check_mark:,:white_check_mark:,:heavy_minus_sign:
flattening (Beta),:white_check_mark:,:white_check_mark:,:white_check_mark:,:white_check_mark:,:white_check_mark:,:white_check_mark:,:white_check_mark:,:heavy_minus_sign:,:white_check_mark:,:white_check_mark:,:white_check_mark:,:white_check_mark:,:white_check_mark:
globalSecurityCallbacks (Beta),:no_entry:,:no_entry:,:white_check_mark:,:white_check_mark:,:white_check_mark:,:heavy_minus_sign:,:white_check_mark:,:heavy_minus_sign:,:white_check_mark:,:white_check_mark:,:white_check_mark:,:no_entry:,:heavy_minus_sign:
methodSecurity (Beta),:white_check_mark:,:white_check_mark:,:white_check_mark:,:white_check_mark:,:white_check_mark:,:heavy_minus_sign:,:white_check_mark:,:white_check_mark:,:white_check_mark:,:white_check_mark:,:white_check_mark:,:white_check_mark:,:white_check_mark:
methodServerURLs (Beta),:white_check_mark:,:white_check_mark:,:white_check_mark:,:white_check_mark:,:white_check_mark:,:heavy_minus_sign:,:white_check_mark:,:white_check_mark:,:white_check_mark:,:white_check_mark:,:white_check_mark:,:white_check_mark:,:white_check_mark:
multiLevelTagging (Beta),:no_entry:,:white_check_mark:,:white_check_mark:,:white_check_mark:,:white_check_mark:,:white_check_mark:,:white_check_mark:,:white_check_mark:,:white_check_mark:,:white_check_mark:,:white_check_mark:,:white_check_mark:,:white_check_mark:
nullables (Beta),:white_check_mark:,:no_entry:,:white_check_mark:,:white_check_mark:,:white_check_mark:,:white_check_mark:,:white_check_mark:,:no_entry:,:white_check_mark:,:white_check_mark:,:white_check_mark:,:no_entry:,:heavy_minus_sign:
unions (Beta),:white_check_mark:,:white_check_mark:,:white_check_mark:,:white_check_mark:,:white_check_mark:,:white_check_mark:,:white_check_mark:,:heavy_minus_sign:,:white_check_mark:,:white_check_mark:,:white_check_mark:,:white_check_mark:,:white_check_mark:
additionalDependencies (GA),:white_check_mark:,:no_entry:,:white_check_mark:,:white_check_mark:,:white_check_mark:,:no_entry:,:white_check_mark:,:heavy_minus_sign:,:white_check_mark:,:white_check_mark:,:white_check_mark:,:no_entry:,:white_check_mark:
bigint (GA),:white_check_mark:,:white_check_mark:,:white_check_mark:,:white_check_mark:,:white_check_mark:,:white_check_mark:,:white_check_mark:,:white_check_mark:,:white_check_mark:,:no_entry:,:white_check_mark:,:white_check_mark:,:heavy_minus_sign:
decimal (GA),:white_check_mark:,:white_check_mark:,:white_check_mark:,:white_check_mark:,:white_check_mark:,:white_check_mark:,:white_check_mark:,:white_check_mark:,:white_check_mark:,:no_entry:,:white_check_mark:,:white_check_mark:,:white_check_mark:
deepObjectParams (GA),:white_check_mark:,:white_check_mark:,:no_entry:,:white_check_mark:,:no_entry:,:white_check_mark:,:white_check_mark:,:no_entry:,:white_check_mark:,:no_entry:,:white_check_mark:,:no_entry:,:white_check_mark:
deprecations (GA),:white_check_mark:,:white_check_mark:,:white_check_mark:,:white_check_mark:,:white_check_mark:,:white_check_mark:,:white_check_mark:,:heavy_minus_sign:,:white_check_mark:,:white_check_mark:,:white_check_mark:,:white_check_mark:,:white_check_mark:
globalSecurityFlattening (GA),:no_entry:,:no_entry:,:white_check_mark:,:white_check_mark:,:white_check_mark:,:heavy_minus_sign:,:white_check_mark:,:heavy_minus_sign:,:white_check_mark:,:white_check_mark:,:white_check_mark:,:no_entry:,:white_check_mark:
globals (GA),:warning:,:white_check_mark:,:white_check_mark:,:white_check_mark:,:white_check_mark:,:warning:,:white_check_mark:,:white_check_mark:,:white_check_mark:,:white_check_mark:,:white_check_mark:,:white_check_mark:,:white_check_mark:
pagination (GA),:no_entry:,:white_check_mark:,:white_check_mark:,:white_check_mark:,:white_check_mark:,:heavy_minus_sign:,:warning:,:heavy_minus_sign:,:white_check_mark:,:warning:,:white_check_mark:,:warning:,:white_check_mark:
retries (GA),:warning:,:warning:,:warning:,:white_check_mark:,:white_check_mark:,:heavy_minus_sign:,:warning:,:heavy_minus_sign:,:white_check_mark:,:warning:,:white_check_mark:,:no_entry:,:white_check_mark:
serverIDs (GA),:white_check_mark:,:white_check_mark:,:white_check_mark:,:white_check_mark:,:white_check_mark:,:heavy_minus_sign:,:white_check_mark:,:white_check_mark:,:white_check_mark:,:white_check_mark:,:white_check_mark:,:white_check_mark:,:white_check_mark:
sets (GA),:heavy_minus_sign:,:no_entry:,:heavy_minus_sign:,:heavy_minus_sign:,:heavy_minus_sign:,:no_entry:,:heavy_minus_sign:,:heavy_minus_sign:,:heavy_minus_sign:,:heavy_minus_sign:,:heavy_minus_sign:,:heavy_minus_sign:,:white_check_mark:
sliceUnions (GA),:white_check_mark:,:white_check_mark:,:white_check_mark:,:white_check_mark:,:white_check_mark:,:white_check_mark:,:white_check_mark:,:no_entry:,:white_check_mark:,:no_entry:,:white_check_mark:,:no_entry:,:no_entry:
acceptHeaders (Gold),:white_check_mark:,:no_entry:,:no_entry:,:white_check_mark:,:white_check_mark:,:white_check_mark:,:no_entry:,:white_check_mark:,:white_check_mark:,:no_entry:,:white_check_mark:,:no_entry:,:heavy_minus_sign:
additionalProperties (Gold),:white_check_mark:,:white_check_mark:,:white_check_mark:,:white_check_mark:,:white_check_mark:,:white_check_mark:,:white_check_mark:,:heavy_minus_sign:,:white_check_mark:,:white_check_mark:,:white_check_mark:,:white_check_mark:,:white_check_mark:
allowReserved (Gold),:no_entry:,:no_entry:,:white_check_mark:,:no_entry:,:white_check_mark:,:no_entry:,:no_entry:,:no_entry:,:no_entry:,:no_entry:,:white_check_mark:,:no_entry:,:no_entry:
devContainers (Gold),:no_entry:,:white_check_mark:,:no_entry:,:white_check_mark:,:no_entry:,:no_entry:,:no_entry:,:heavy_minus_sign:,:white_check_mark:,:no_entry:,:white_check_mark:,:no_entry:,:heavy_minus_sign:
downloadStreams (Gold),:no_entry:,:white_check_mark:,:no_entry:,:white_check_mark:,:white_check_mark:,:white_check_mark:,:no_entry:,:heavy_minus_sign:,:white_check_mark:,:no_entry:,:white_check_mark:,:white_check_mark:,:heavy_minus_sign:
enumUnions (Gold),:white_check_mark:,:no_entry:,:no_entry:,:no_entry:,:no_entry:,:no_entry:,:no_entry:,:no_entry:,:white_check_mark:,:no_entry:,:white_check_mark:,:no_entry:,:no_entry:
errorUnions (Gold),:white_check_mark:,:white_check_mark:,:white_check_mark:,:white_check_mark:,:no_entry:,:white_check_mark:,:white_check_mark:,:no_entry:,:white_check_mark:,:no_entry:,:white_check_mark:,:no_entry:,:heavy_minus_sign:
hiddenGlobals (Gold),:white_check_mark:,:no_entry:,:no_entry:,:white_check_mark:,:white_check_mark:,:heavy_minus_sign:,:no_entry:,:white_check_mark:,:white_check_mark:,:no_entry:,:white_check_mark:,:no_entry:,:white_check_mark:
oauth2ClientCredentials (Gold),:white_check_mark:,:white_check_mark:,:white_check_mark:,:white_check_mark:,:white_check_mark:,:white_check_mark:,:white_check_mark:,:white_check_mark:,:white_check_mark:,:white_check_mark:,:white_check_mark:,:no_entry:,:white_check_mark:
oauth2Password (Gold),:white_check_mark:,:white_check_mark:,:no_entry:,:white_check_mark:,:white_check_mark:,:no_entry:,:no_entry:,:no_entry:,:no_entry:,:white_check_mark:,:white_check_mark:,:no_entry:,:no_entry:
responseFormat (Gold),:white_check_mark:,:white_check_mark:,:white_check_mark:,:white_check_mark:,:no_entry:,:white_check_mark:,:white_check_mark:,:heavy_minus_sign:,:white_check_mark:,:white_check_mark:,:white_check_mark:,:no_entry:,:heavy_minus_sign:
sdkHooks (Gold),:white_check_mark:,:white_check_mark:,:white_check_mark:,:white_check_mark:,:white_check_mark:,:white_check_mark:,:white_check_mark:,:heavy_minus_sign:,:white_check_mark:,:white_check_mark:,:white_check_mark:,:no_entry:,:white_check_mark:
serverEvents (Gold),:no_entry:,:warning:,:warning:,:white_check_mark:,:warning:,:warning:,:no_entry:,:heavy_minus_sign:,:white_check_mark:,:white_check_mark:,:white_check_mark:,:no_entry:,:heavy_minus_sign:
serverEventsSentinels (Gold),:no_entry:,:no_entry:,:warning:,:white_check_mark:,:warning:,:no_entry:,:no_entry:,:no_entry:,:white_check_mark:,:white_check_mark:,:white_check_mark:,:no_entry:,:no_entry:
stringNumberFormats (Gold),:white_check_mark:,:no_entry:,:no_entry:,:white_check_mark:,:no_entry:,:white_check_mark:,:no_entry:,:no_entry:,:white_check_mark:,:no_entry:,:white_check_mark:,:no_entry:,:heavy_minus_sign:
tests (Gold),:white_check_mark:,:white_check_mark:,:white_check_mark:,:white_check_mark:,:white_check_mark:,:white_check_mark:,:no_entry:,:heavy_minus_sign:,:white_check_mark:,:white_check_mark:,:white_check_mark:,:no_entry:,:heavy_minus_sign:
webhookHandlers (Gold),:no_entry:,:no_entry:,:no_entry:,:no_entry:,:no_entry:,:no_entry:,:no_entry:,:no_entry:,:no_entry:,:no_entry:,:white_check_mark:,:no_entry:,:no_entry:
cliCommands (Experimental),:no_entry:,:white_check_mark:,:no_entry:,:no_entry:,:no_entry:,:no_entry:,:no_entry:,:no_entry:,:no_entry:,:no_entry:,:no_entry:,:no_entry:,:no_entry:
configurableModuleName (Experimental),:no_entry:,:no_entry:,:no_entry:,:no_entry:,:no_entry:,:no_entry:,:no_entry:,:no_entry:,:white_check_mark:,:no_entry:,:no_entry:,:no_entry:,:no_entry:
contentMediaTypeApplicationJSON (Experimental),:no_entry:,:no_entry:,:no_entry:,:no_entry:,:no_entry:,:no_entry:,:no_entry:,:no_entry:,:no_entry:,:no_entry:,:no_entry:,:no_entry:,:white_check_mark:
customCodeRegions (Experimental),:no_entry:,:white_check_mark:,:no_entry:,:white_check_mark:,:white_check_mark:,:no_entry:,:no_entry:,:no_entry:,:white_check_mark:,:no_entry:,:white_check_mark:,:no_entry:,:white_check_mark:
customSecuritySchemes (Experimental),:white_check_mark:,:white_check_mark:,:white_check_mark:,:white_check_mark:,:white_check_mark:,:heavy_minus_sign:,:white_check_mark:,:no_entry:,:white_check_mark:,:white_check_mark:,:white_check_mark:,:no_entry:,:white_check_mark:
defaultArrays (Experimental),:no_entry:,:no_entry:,:no_entry:,:no_entry:,:no_entry:,:no_entry:,:no_entry:,:no_entry:,:no_entry:,:no_entry:,:no_entry:,:no_entry:,:white_check_mark:
defaultEnabledRetries (Experimental),:white_check_mark:,:no_entry:,:no_entry:,:white_check_mark:,:no_entry:,:no_entry:,:no_entry:,:no_entry:,:white_check_mark:,:no_entry:,:white_check_mark:,:no_entry:,:no_entry:
defaultObjects (Experimental),:no_entry:,:no_entry:,:no_entry:,:no_entry:,:no_entry:,:no_entry:,:no_entry:,:no_entry:,:no_entry:,:no_entry:,:no_entry:,:no_entry:,:white_check_mark:
duration (Experimental),:no_entry:,:no_entry:,:no_entry:,:no_entry:,:no_entry:,:no_entry:,:no_entry:,:no_entry:,:white_check_mark:,:no_entry:,:no_entry:,:no_entry:,:no_entry:
envVarGlobals (Experimental),:no_entry:,:no_entry:,:no_entry:,:white_check_mark:,:no_entry:,:no_entry:,:no_entry:,:no_entry:,:white_check_mark:,:no_entry:,:white_check_mark:,:no_entry:,:no_entry:
envVarSecurityUsage (Experimental),:no_entry:,:no_entry:,:no_entry:,:white_check_mark:,:no_entry:,:no_entry:,:no_entry:,:no_entry:,:white_check_mark:,:no_entry:,:white_check_mark:,:no_entry:,:heavy_minus_sign:
examplesDirectory (Experimental),:no_entry:,:no_entry:,:no_entry:,:no_entry:,:no_entry:,:no_entry:,:no_entry:,:no_entry:,:no_entry:,:no_entry:,:white_check_mark:,:no_entry:,:no_entry:
flatRequests (Experimental),:no_entry:,:no_entry:,:no_entry:,:no_entry:,:no_entry:,:no_entry:,:no_entry:,:no_entry:,:white_check_mark:,:no_entry:,:no_entry:,:no_entry:,:no_entry:
formatBinary (Experimental),:no_entry:,:no_entry:,:no_entry:,:no_entry:,:no_entry:,:no_entry:,:no_entry:,:no_entry:,:no_entry:,:no_entry:,:no_entry:,:no_entry:,:white_check_mark:
intellisenseMarkdownSupport (Experimental),:no_entry:,:no_entry:,:white_check_mark:,:white_check_mark:,:no_entry:,:no_entry:,:no_entry:,:heavy_minus_sign:,:no_entry:,:no_entry:,:no_entry:,:no_entry:,:white_check_mark:
jsonlResponses (Experimental),:no_entry:,:white_check_mark:,:no_entry:,:white_check_mark:,:white_check_mark:,:no_entry:,:no_entry:,:no_entry:,:white_check_mark:,:white_check_mark:,:white_check_mark:,:no_entry:,:no_entry:
mcpServer (Experimental),:no_entry:,:no_entry:,:no_entry:,:no_entry:,:no_entry:,:no_entry:,:no_entry:,:no_entry:,:no_entry:,:no_entry:,:white_check_mark:,:no_entry:,:no_entry:
methodArguments (Experimental),:no_entry:,:no_entry:,:white_check_mark:,:white_check_mark:,:no_entry:,:white_check_mark:,:white_check_mark:,:no_entry:,:white_check_mark:,:white_check_mark:,:white_check_mark:,:no_entry:,:white_check_mark:
methodSignatures (Experimental),:no_entry:,:no_entry:,:no_entry:,:no_entry:,:no_entry:,:no_entry:,:no_entry:,:no_entry:,:no_entry:,:no_entry:,:white_check_mark:,:no_entry:,:no_entry:
mockServer (Experimental),:white_check_mark:,:white_check_mark:,:white_check_mark:,:white_check_mark:,:white_check_mark:,:no_entry:,:no_entry:,:no_entry:,:white_check_mark:,:white_check_mark:,:white_check_mark:,:no_entry:,:no_entry:
modelNamespaces (Experimental),:white_check_mark:,:no_entry:,:white_check_mark:,:white_check_mark:,:white_check_mark:,:no_entry:,:white_check_mark:,:white_check_mark:,:white_check_mark:,:white_check_mark:,:white_check_mark:,:white_check_mark:,:white_check_mark:
multipartFileContentType (Experimental),:no_entry:,:no_entry:,:no_entry:,:no_entry:,:no_entry:,:no_entry:,:no_entry:,:no_entry:,:white_check_mark:,:no_entry:,:no_entry:,:no_entry:,:no_entry:
openEnums (Experimental),:white_check_mark:,:white_check_mark:,:white_check_mark:,:white_check_mark:,:white_check_mark:,:white_check_mark:,:no_entry:,:no_entry:,:white_check_mark:,:white_check_mark:,:white_check_mark:,:no_entry:,:white_check_mark:
operationPolling (Experimental),:no_entry:,:no_entry:,:no_entry:,:white_check_mark:,:no_entry:,:no_entry:,:no_entry:,:no_entry:,:no_entry:,:no_entry:,:no_entry:,:no_entry:,:white_check_mark:
operationTimeout (Experimental),:white_check_mark:,:no_entry:,:no_entry:,:white_check_mark:,:no_entry:,:heavy_minus_sign:,:no_entry:,:no_entry:,:white_check_mark:,:white_check_mark:,:white_check_mark:,:no_entry:,:no_entry:
publicExports (Experimental),:no_entry:,:no_entry:,:no_entry:,:no_entry:,:no_entry:,:no_entry:,:no_entry:,:no_entry:,:white_check_mark:,:no_entry:,:white_check_mark:,:no_entry:,:no_entry:
reactQueryHooks (Experimental),:no_entry:,:no_entry:,:heavy_minus_sign:,:heavy_minus_sign:,:heavy_minus_sign:,:heavy_minus_sign:,:heavy_minus_sign:,:heavy_minus_sign:,:heavy_minus_sign:,:heavy_minus_sign:,:white_check_mark:,:heavy_minus_sign:,:heavy_minus_sign:
transformJq (Experimental),:no_entry:,:white_check_mark:,:no_entry:,:white_check_mark:,:no_entry:,:no_entry:,:no_entry:,:no_entry:,:no_entry:,:no_entry:,:no_entry:,:no_entry:,:white_check_mark:
uploadStreams (Experimental),:no_entry:,:no_entry:,:no_entry:,:white_check_mark:,:white_check_mark:,:white_check_mark:,:no_entry:,:heavy_minus_sign:,:white_check_mark:,:no_entry:,:white_check_mark:,:no_entry:,:heavy_minus_sign:
urlBasedPagination (Experimental),:no_entry:,:no_entry:,:white_check_mark:,:white_check_mark:,:white_check_mark:,:white_check_mark:,:white_check_mark:,:heavy_minus_sign:,:white_check_mark:,:white_check_mark:,:white_check_mark:,:no_entry:,:white_check_mark:
uuid (Experimental),:no_entry:,:no_entry:,:no_entry:,:no_entry:,:no_entry:,:no_entry:,:no_entry:,:no_entry:,:white_check_mark:,:no_entry:,:no_entry:,:no_entry:,:no_entry:
